<filter name="install" module="install" act="procInstall">
    <form>
        <node target="user_id" required="true" minlength="2" maxlength="20" filter="userid" />
        <node target="password1" required="true" minlength="1" maxlength="20" />
        <node target="password2" required="true" equalto="password1" minlength="1" maxlegnth="20" />
        <node target="user_name" required="true" minlength="2" maxlength="20" />
        <node target="nick_name" required="true" minlength="2" maxlength="20" />
        <node target="email_address" required="true" minlength="1" maxlength="200" filter="email" />
    </form>
    <parameter>
        <param name="user_id" target="user_id" />
        <param name="password" target="password1" />
        <param name="user_name" target="user_name" />
        <param name="nick_name" target="nick_name" />
        <param name="email_address" target="email_address" />
    </parameter>
    <response callback_func="completeInstalled">
        <tag name="error" />
        <tag name="message" />
        <tag name="redirect_url" />
    </response>
</filter>
