<?xml version="1.0" encoding="UTF-8"?>
<addon version="0.2">
    <title xml:lang="ko">심플 mp3 플레이어</title>
    <description xml:lang="ko">
        게시글에 mp3, mp4, ogg, flac, mp4, webm 파일이 첨부되어 있을 경우 본문에 플레이어를 삽입합니다.
    </description>
    <version>1.1.1</version>
    <date>2019-07-01</date>

    <extra_vars>

        <group>
            <title xml:lang="ko">통합 플레이어 설정</title>
            <var name="playlist_player" type="select">
                <title xml:lang="ko">통합 플레이어 선택</title>
                <description xml:lang="ko">mp3가 첨부된 게시글에서 글 본문 상단에 플레이리스트가 있는 플레이어를 띄웁니다.</description>
                <options value="">
                    <title xml:lang="ko">BluePlayer</title>
                </options>
                <options value="APlayer">
                    <title xml:lang="ko">APlayer</title>
                </options>
                <options value="APlayer_fixed">
                    <title xml:lang="ko">APlayer (Fixed)</title>
                </options>
                <options value="N">
                    <title xml:lang="ko">사용하지 않음</title>
                </options>
            </var>

            <var name="playlist_player_selector" type="text">
                <title xml:lang="ko">통합 플레이어 위치 Selector</title>
                <description xml:lang="ko">사용자가 문서에서 별도로 통합 플레이어를 위치시킬때 사용할 element selector를 지정합니다.&lt;br/&gt; id는 xe코어에 의해 필터링 될 수 있으므로 class로 구분을 권장합니다. &lt;br/&gt; 사용자가 별도로 입력하지 않을 시 플레이어는 문서 상단에 자동으로 배치됩니다.  &lt;br/&gt; 기본값: .simple_mp3_player 사용방법 예제: &amp;lt;div class=&amp;quot;simple_mp3_player&amp;quot;&amp;gt;&amp;lt;/div&amp;gt;</description>
            </var>
        </group>

        <group>
            <title xml:lang="ko">MP3 실시간 스트리밍</title>
            <var name="use_mp3_realtime_streaming" type="select">
                <title xml:lang="ko">mp3 실시간 스트리밍 사용</title>
                <description xml:lang="ko">mp3파일 재생시 자체 HLS방식을 이용하여 실시간으로 재생합니다. 사용 안 함으로 설정시 기존 프로그래시브 방식으로 재생합니다. &lt;br/&gt;
                    주의: 실시간 스트리밍의 경우 원본mp3를 설정한 크기로 조각내어 불러오는 관계로 같은(혹은 유사) 주소를 여러 번 불러올 수 있습니다. &lt;br/&gt;이는 실시간 스트리밍 특성상 정상적인 것이며, &lt;br/&gt;서버에 초당 요청 제한이 설정되어 있거나 보안장비를 사용하는 경우 별도로 초당 요청 횟수 제한을 늘려야 할 수 있습니다.</description>
                <options value="">
                    <title xml:lang="ko">사용</title>
                </options>
                <options value="N">
                    <title xml:lang="ko">사용 안 함</title>
                </options>
            </var>

            <var name="mp3_realtime_segment_duration" type="text">
                <title xml:lang="ko">MP3 Segment Duration</title>
                <description xml:lang="ko">MP3 실시간 재생시 불러올 Segment 최대 시간을 입력합니다. 단위: 초(자연수) 여러 개 설정시 ","로 구분.&lt;br/&gt;예) 5,6,10 설정시 첫 번째 SegmentDuration은 5, 두 번째는 6, 그 이후엔 10으로 설정. &lt;br/&gt; 기본값 및 권장: 2,3,10 만약 서버 네트워크가 느리다면 2,3,5로 설정하세요.
                    이 설정 항목은 잘못 설정시 네트워크 자원을 과사용하거나 재생이 되지 않을 수 있습니다.</description>
            </var>

            <var name="mp3_realtime_buffer_size" type="text">
                <title xml:lang="ko">MP3 Buffer Size</title>
                <description xml:lang="ko">mp3 실시간 재생시 설정할 버퍼 크기를 입력합니다. 버퍼가 클수록 안정적으로 재생이 가능하나 재생 초기 네트워크 자원을 많이 소모합니다.&lt;br/&gt;단위: 초(자연수), 최소: 1, 최대: 180, 기본값 및 권장: 50
                    이 설정 항목은 잘못 설정시 네트워크 자원을 과사용하거나 재생이 되지 않을 수 있습니다.</description>
            </var>

            <var name="mp3_realtime_buffer_cache_size" type="text">
                <title xml:lang="ko">MP3 Buffer Cache Size</title>
                <description xml:lang="ko">클라이언트 브라우저에서 mp3 실시간 재생시 서버로부터 불러온 버퍼를 임시로 RAM에 저장할 용량을 입력합니다. &lt;br/&gt;단위: B(바이트), 기본값 및 권장: 150000000(약 143MB)</description>
            </var>
        </group>

        <group>
            <title xml:lang="ko">HTML5 플레이어 전체 설정</title>
            <var name="link_to_media" type="select">
                <title xml:lang="ko">mp3, 동영상 링크 플레이어로 변환</title>
                <description xml:lang="ko">mp3파일을 첨부하고 본문삽입한 링크를 HTML5 기본 플레이어로 변환합니다. 에디터에 따라 적용이 되지 않을 수 있습니다.
                동영상의 경우 "동영상 설정 - 동영상 사용" 설정이 활성화 되어야 적용됩니다.</description>
                <options value="">
                    <title xml:lang="ko">사용 안 함</title>
                </options>
                <options value="Y">
                    <title xml:lang="ko">사용</title>
                </options>
            </var>

            <var name="remove_extension_in_title" type="select">
                <title xml:lang="ko">파일명을 표시할 경우 확장자 삭제</title>
                <description xml:lang="ko">만약 태그가 없어 제목 부분에 파일명을 보여주게 될 경우 확장자를 제거합니다.</description>
                <options value="">
                    <title xml:lang="ko">사용</title>
                </options>
                <options value="N">
                    <title xml:lang="ko">사용 안 함</title>
                </options>
            </var>

            <var name="allow_browser_cache" type="select">
                <title xml:lang="ko">브라우저 캐시 사용</title>
                <description xml:lang="ko">사용으로 설정할 경우 audioplayback.php가 아닌 mp3파일의 원본 파일 주소를 이용하여 스트리밍합니다. &lt;br/&gt;웹서버 설정에 따라 캐시가 적용되지 않을 수 있습니다.</description>
                <options value="">
                    <title xml:lang="ko">사용 안 함</title>
                </options>
                <options value="Y">
                    <title xml:lang="ko">사용함</title>
                </options>
            </var>

            <var name="use_url_encrypt" type="select">
                <title xml:lang="ko">미디어 URL 암호화</title>
                <description xml:lang="ko">서버에서 AES암호화를 지원 하는 경우 URL을 암호화하여 불법 다운로드를 예방합니다. &lt;br/&gt;  브라우저 캐시 설정이 사용 안 함으로 설정되어야 사용 가능합니다.</description>
                <options value="">
                    <title xml:lang="ko">사용함</title>
                </options>
                <options value="N">
                    <title xml:lang="ko">사용 안 함</title>
                </options>
            </var>

            <var name="use_mediasession" type="select">
                <title xml:lang="ko">MediaSession 사용</title>
                <description xml:lang="ko">안드로이드의 경우 브라우저가 MediaSession을 지원하는 경우 음원 재생시 알림창에서 추가 제어가 가능하도록 합니다.</description>
                <options value="">
                    <title xml:lang="ko">사용</title>
                </options>
                <options value="N">
                    <title xml:lang="ko">사용 안 함</title>
                </options>
            </var>

            <var name="allow_autoplay" type="select">
                <title xml:lang="ko">자동 재생 (동영상 포함)</title>
                <description xml:lang="ko">브라우저에서 자동 재생이 가능한 경우 맨 첫 곡(동영상)을 자동 재생합니다.</description>
                <options value="">
                    <title xml:lang="ko">사용</title>
                </options>
                <options value="N">
                    <title xml:lang="ko">사용 안 함</title>
                </options>
            </var>

            <var name="use_thumbnail" type="select">
                <title xml:lang="ko">섬네일 사용</title>
                <description xml:lang="ko">파일 태그에 앨범 커버 정보가 없을 경우 게시글 섬네일을 표시합니다. &lt;br/&gt;만약 게시글 섬네일이 없는 경우 관리자가 설정한 기본 기본 앨범아트를 표시합니다. &lt;br/&gt;이 설정은 기본 앨범아트 설정보다 적용 우선순위가 높습니다.</description>
                <options value="">
                    <title xml:lang="ko">사용</title>
                </options>
                <options value="N">
                    <title xml:lang="ko">사용 안 함</title>
                </options>
            </var>

            <var name="thumbnail_type" type="select">
                <title xml:lang="ko">섬네일 자르기 방법</title>
                <description xml:lang="ko">섬네일 리사이징시 적용할 타입을 선택하세요. 기본값: Crop</description>
                <options value="">
                    <title xml:lang="ko">Crop</title>
                </options>
                <options value="Ratio">
                    <title xml:lang="ko">Ratio</title>
                </options>
            </var>

            <var name="thumbnail_width" type="text">
                <title xml:lang="ko">섬네일 가로 사이즈</title>
                <description xml:lang="ko">섬네일 가로 사이즈를 입력합니다. 단위: px, 기본값: 420</description>
            </var>

            <var name="thumbnail_height" type="text">
                <title xml:lang="ko">섬네일 세로 사이즈</title>
                <description xml:lang="ko">섬네일 세로 사이즈를 입력합니다. 단위: px, 기본값: 420</description>
            </var>

            <var name="default_cover" type="text">
                <title xml:lang="ko">기본 앨범아트</title>
                <description xml:lang="ko">mp3파일에 앨범 아트가 없을 경우 입력한 주소의 앨범 아트를 사용합니다.&lt;br/&gt;기본값: ./addons/simple_mp3_player/img/no_cover.png</description>
            </var>
        </group>

        <group>
            <title xml:lang="ko">BluePlayer 설정</title>

            <var name="BluePlayer__use_autostation" type="select">
                <title xml:lang="ko">BluePlayer AutoStation 사용</title>
                <description xml:lang="ko">게시글의 곡 재생이 끝난 경우 서버로부터 다른 게시글의 곡을 자동으로 추가합니다.&lt;br/&gt; 곡들은 같은 게시판의 파일들을 참조합니다. &lt;br/&gt; 만약 서버로부터 더 이상 가져올 곡이 없을 경우 불러온 곡들 내에서 재생합니다.</description>
                <options value="">
                    <title xml:lang="ko">사용</title>
                </options>
                <options value="N">
                    <title xml:lang="ko">사용 안 함</title>
                </options>
            </var>

            <var name="BluePlayer__autostation_max_size" type="text">
                <title xml:lang="ko">BluePlayer AutoStation 곡 갯수</title>
                <description xml:lang="ko">BluePlayer AutoStation 사용시 목록에 추가할 최대 갯수를 지정합니다. 0: 무제한(기본)</description>
            </var>

            <var name="BluePlayer__autostation_search_filter" type="select">
                <title xml:lang="ko">BluePlayer AutoStation 목록 검색 반영</title>
                <description xml:lang="ko">BluePlayer AutoStation 기능 사용시 게시글 URL의 category, search_target, search_keyword 값을 참조하여 가져옵니다.</description>
                <options value="">
                    <title xml:lang="ko">사용</title>
                </options>
                <options value="N">
                    <title xml:lang="ko">사용 안 함</title>
                </options>
            </var>

            <var name="BluePlayer__track_mode" type="select">
                <title xml:lang="ko">BluePlayer 재생 모드</title>
                <description xml:lang="ko">BluePlayer 재생 모드를 설정합니다. AutoStation 설정은 해당 기능이 사용중일 경우에만 적용 가능합니다.</description>
                <options value="">
                    <title xml:lang="ko">목록 반복</title>
                </options>
                <options value="RepeatTrack">
                    <title xml:lang="ko">한 곡 반복</title>
                </options>
                <options value="None">
                    <title xml:lang="ko">목록 재생</title>
                </options>
                <options value="AutoStation">
                    <title xml:lang="ko">AutoStation</title>
                </options>
            </var>

            <var name="BluePlayer__track_random" type="select">
                <title xml:lang="ko">BluePlayer 곡 랜덤재생</title>
                <description xml:lang="ko">BluePlayer 초기화시 랜덤재생 설정 유무를 설정합니다. 랜덤재생을 설정할 경우 곡 재생 순서를 무작위로 불러옵니다. &lt;br/&gt;AutoStation사용중 랜덤재생을 설정할 경우 곡 재생후 무조건 서버로부터 다음 곡을 불러옵니다.&lt;br/&gt;만약 서버로부터 더이상 가져올 곡이 없을 경우 불러온 곡들 중에서 무작위로 재생합니다.</description>
                <options value="">
                    <title xml:lang="ko">사용 안 함</title>
                </options>
                <options value="Y">
                    <title xml:lang="ko">사용</title>
                </options>
            </var>

            <var name="BluePlayer__track_random_force" type="select">
                <title xml:lang="ko">BluePlayer AutoStation 다음 곡 불러오기 랜덤설정</title>
                <description xml:lang="ko">BluePlayer AutoStation에서 서버로부터 다음 곡을 불러올 시 랜덤재생 설정에 관계없이 무조건 무작위로 가져옵니다.&lt;br/&gt;AutoStation기능을 사용하면서 랜덤재생 기능을 사용하지 않는다면 기존 곡 목록 재생 이후 곡을 서버로부터 랜덤으로 가져옵니다.</description>
                <options value="">
                    <title xml:lang="ko">사용 안 함</title>
                </options>
                <options value="Y">
                    <title xml:lang="ko">사용</title>
                </options>
            </var>

            <var name="BluePlayer_show_album_name" type="select">
                <title xml:lang="ko">BluePlayer 앨범명 표시</title>
                <description xml:lang="ko">파일 태그에 앨범명이 있을 경우 표시합니다.</description>
                <options value="">
                    <title xml:lang="ko">사용 안 함</title>
                </options>
                <options value="Y">
                    <title xml:lang="ko">사용</title>
                </options>
            </var>

            <var name="BluePlayer_enable_thumbnail_button" type="select">
                <title xml:lang="ko">게시글 섬네일 설정 버튼 추가</title>
                <description xml:lang="ko">BluePlayer 곡 목록에서 오른쪽 우클릭시 선택한 곡의 앨범 커버를 게시글 섬네일로 설정 할 수 있도록 버튼을 추가합니다. &lt;br/&gt; 버튼은 게시글 수정 권한이 있는 유저에게만 표시됩니다.
                    이 기능과 'HTML5 플레이어 전체 설정 - 섬네일 사용' 기능을 같이 사용할 경우 앨범 커버가 없는 곡도 다른 앨범 커버로 대체될 수 있으니 주의하세요.
                    XE 버전이 낮아 섬네일 지정이 불가능한 경우 이 기능은 작동하지 않습니다.</description>
                <options value="">
                    <title xml:lang="ko">사용</title>
                </options>
                <options value="N">
                    <title xml:lang="ko">사용 안 함</title>
                </options>
            </var>

            <var name="BluePlayer_enable_fade" type="select">
                <title xml:lang="ko">[실험] BluePlayer Fade 사용</title>
                <description xml:lang="ko">웹 브라우저에서 WebAudio를 사용 가능한 경우 재생/일시정지때 Fade In/Out을 사용합니다.</description>
                <options value="">
                    <title xml:lang="ko">사용 안 함</title>
                </options>
                <options value="Y">
                    <title xml:lang="ko">사용</title>
                </options>
            </var>

            <var name="BluePlayer_fade_duration" type="text">
                <title xml:lang="ko">[실험] BluePlayer Fade 길이</title>
                <description xml:lang="ko">Fade 기능을 사용할 경우 적용할 Duration을 입력합니다. &lt;br/&gt;단위: 1/1000초, 기본값: 200</description>
            </var>
        </group>

        <group>
            <title xml:lang="ko">기타 설정 : 동영상 설정</title>
            <var name="enable_video" type="select">
                <title xml:lang="ko">동영상 사용</title>
                <description xml:lang="ko">첨부된 mp4 비디오 파일에 대한 추가 기능을 활성화합니다.</description>
                <options value="">
                    <title xml:lang="ko">사용 안 함</title>
                </options>
                <options value="Y">
                    <title xml:lang="ko">사용</title>
                </options>
            </var>
            <var name="enable_webm" type="select">
                <title xml:lang="ko">WebM 활성화</title>
                <description xml:lang="ko">동영상 사용 설정 활성화시 WebM파일도 추가 활성화합니다. WebM 파일의 경우 일부 브라우저에서는 재생이 되지 않습니다.(Safari, IE 등)</description>
                <options value="">
                    <title xml:lang="ko">사용 안 함</title>
                </options>
                <options value="Y">
                    <title xml:lang="ko">사용</title>
                </options>
            </var>
            <var name="video_autoplay" type="select">
                <title xml:lang="ko">동영상 자동재생</title>
                <description xml:lang="ko">맨 처음 동영상을 자동재생합니다.
                모든 동영상이 자동재생 되는게 아닌, 소리가 있는 동영상 중에서 맨 첫 동영상만 자동재생합니다.
                    만약 오디오가 첨부되어 있을 경우 오디오가 먼저 재생이 될 수도 있습니다.
                </description>
                <options value="">
                    <title xml:lang="ko">사용</title>
                </options>
                <options value="N">
                    <title xml:lang="ko">사용 안 함</title>
                </options>
            </var>
            <var name="video_autoplay_without_audio" type="select">
                <title xml:lang="ko">무음 동영상 자동재생</title>
                <description xml:lang="ko">오디오가 없는 동영상을 모두 자동재생합니다. 만약 '동영상 자동재생' 설정이 활성화 되어 있는 경우 이 설정이 비활성화 되어도 재생이 됩니다.
                    소리가 없는 동영상의 경우 설정에 적용되는 video 태그의 MediaSession기능이 자동으로 비활성화 됩니다.</description>
                <options value="">
                    <title xml:lang="ko">사용</title>
                </options>
                <options value="N">
                    <title xml:lang="ko">사용 안 함</title>
                </options>
            </var>
            <var name="video_loop" type="select">
                <title xml:lang="ko">동영상 반복재생</title>
                <description xml:lang="ko">동영상이 재생이 완료 되었을 경우 처음부터 다시 재생합니다.</description>
                <options value="">
                    <title xml:lang="ko">사용 안 함</title>
                </options>
                <options value="Y">
                    <title xml:lang="ko">사용</title>
                </options>
            </var>
            <var name="video_loop_without_audio" type="select">
                <title xml:lang="ko">무음 동영상 반복재생</title>
                <description xml:lang="ko">오디오가 없는 동영상이 재생이 완료 되었을 경우 처음부터 다시 재생합니다.
                이 설정은 '동영상 반복재생' 설정보다 우선순위가 높습니다.</description>
                <options value="">
                    <title xml:lang="ko">사용</title>
                </options>
                <options value="N">
                    <title xml:lang="ko">사용 안 함</title>
                </options>
            </var>
            <var name="video_gif_without_audio" type="select">
                <title xml:lang="ko">무음 동영상 GIF 모드</title>
                <description xml:lang="ko">오디오가 없는 동영상을 gif 처럼 표시합니다. 설정시 해당되는 video 태그의 preload 값이 auto로 설정되고 자동재생 및 반복이 적용됩니다.
                    이 설정은 '무음 동영상 자동재생', '무음 동영상 반복재생', '동영상 Preload 기능 사용' 설정보다 우선순위가 높습니다.</description>
                <options value="">
                    <title xml:lang="ko">사용</title>
                </options>
                <options value="N">
                    <title xml:lang="ko">사용 안 함</title>
                </options>
            </var>
            <var name="video_gif_mode_if_click" type="select">
                <title xml:lang="ko">GIF 모드 동영상 클릭시 컨트롤 버튼 보여주기</title>
                <description xml:lang="ko">'무음 동영상 GIF 모드' 기능을 사용하고 오디오가 없는 동영상을 gif 처럼 표시할 때, 해당 동영상 클릭시 control 버튼을 보여줍니다.</description>
                <options value="">
                    <title xml:lang="ko">사용</title>
                </options>
                <options value="N">
                    <title xml:lang="ko">사용 안 함</title>
                </options>
            </var>
            <var name="video_preload" type="select">
                <title xml:lang="ko">동영상 Preload 기능 사용</title>
                <description xml:lang="ko">동영상 재생 이전 불러올 데이터를 선택합니다. 사용 안 함으로 설정할 경우 자동재생이 되지 않을 수 있습니다.</description>
                <options value="">
                    <title xml:lang="ko">메타데이터만</title>
                </options>
                <options value="auto">
                    <title xml:lang="ko">자동</title>
                </options>
                <options value="none">
                    <title xml:lang="ko">사용 안 함</title>
                </options>
            </var>
            <var name="video_resize" type="select">
                <title xml:lang="ko">동영상 크기 리사이징</title>
                <description xml:lang="ko">본문에 삽입할 동영상 사이즈를 설정합니다. 본문 너비에 맞춤으로 설정할 경우 본문 너비가 줄어들 경우 자바스크립트를 이용하여 자동으로 리사이징 합니다.
                만약 서버에서 동영상 정보를 불러오지 못한 경우 이 기능은 작동하지 않습니다.</description>
                <options value="">
                    <title xml:lang="ko">자바스크립트로 본문 너비에 맞춤</title>
                </options>
                <options value="N">
                    <title xml:lang="ko">아무것도 하지 않음</title>
                </options>
            </var>
            <var name="video_auto_attach" type="select">
                <title xml:lang="ko">동영상 자동 본문삽입</title>
                <description xml:lang="ko">첨부된 동영상이 본문에 삽입되어 있지 않더라도 자바스크립트를 이용하여 본문 상단에 삽입합니다.
                    "HTML5 플레이어 전체 설정 - mp3, 동영상 링크 플레이어로 변환" 기능에 의해 삽입해야 할 플레이어가 있는 경우는 추가적으로 삽입되지 않습니다.
                    만약 서버에서 동영상 정보를 불러오지 못한 경우 이 기능은 작동하지 않습니다.</description>
                <options value="">
                    <title xml:lang="ko">사용 안 함</title>
                </options>
                <options value="Y">
                    <title xml:lang="ko">사용</title>
                </options>
            </var>

        </group>


        <group>
            <title xml:lang="ko">기타 설정</title>

            <var name="document_thumbnail" type="select">
                <title xml:lang="ko">게시글 섬네일 자동 적용</title>
                <description xml:lang="ko">게시글 등록, 수정시 게시글에 섬네일로 사용할 수 있는 파일이 없는 경우 오디오 파일의 앨범 커버를 섬네일로 사용합니다. 섬네일로 사용될 앨범 커버 이미지는 게시글 파일 항목에 자동 삽입됩니다.
                    이 기능과 'HTML5 플레이어 전체 설정 - 섬네일 사용' 기능을 같이 사용할 경우 앨범 커버가 없는 곡도 다른 앨범 커버로 대체될 수 있으니 주의하세요.&lt;br/&gt; XE 버전이 낮아 섬네일 지정이 불가능한 경우 이 기능은 작동하지 않습니다.</description>
                <options value="">
                    <title xml:lang="ko">사용 안 함</title>
                </options>
                <options value="Y">
                    <title xml:lang="ko">사용</title>
                </options>
            </var>
        </group>

    </extra_vars>

    <author email_address="mmia268@gmail.com" link="http://dnip.co.kr/">
        <name xml:lang="ko">후하니</name>
    </author>
</addon>
