{"filePath":".\/files\/attach\/binaries\/131\/133\/bd666e89a2ed0adb73711623176c4381","filename":"hemosoo.m4a","offsetInfo":null,"tags":{"artist":null,"title":"VGhlIFRhbGUgb2YgUGV0ZXIgUmFiYml0IDFzdCBzZW50ZW5jZQ==","album":null,"albumartist":"Vm9pY2UgUmVjb3JkZXI=","year":"MjAyMQ==","encoding_tool":"TGF2ZjU4Ljc2LjEwMA=="},"stream":{"isAudio":true,"isVideo":false,"filesize":166684,"fileformat":"mp4","duration":10.19800000000000039790393202565610408782958984375,"bitrate":130723.671308099626912735402584075927734375,"video":null,"audio":[{"dataformat":"bXA0","codec":"SVNPL0lFQyAxNDQ5Ni0zIEFBQw==","sample_rate":"NDgwMDA=","channels":"Mg==","bits_per_sample":"MTY=","lossless":false,"channelmode":"c3RlcmVv","bitrate":"MTMwNzIzLjY3MTMwODE=","compression_ratio":"MC4wODUxMDY1NTY4NDEyMTE="}],"mime":"audio\/mp4","startoffset":44,"endoffset":166684,"encoding":"UTF-8"},"isValidFile":true,"version":"0.0.1"}