<?xml version="1.0" encoding="UTF-8"?>
<module version="0.2">
    <title xml:lang="ko">커뮤니케이션</title>
    <title xml:lang="jp">コミュニケーション</title>
    <title xml:lang="zh-CN">会员交流</title>
    <title xml:lang="en">Communication</title>
    <title xml:lang="ru">Communication</title>
    <title xml:lang="vi">Liên lạc</title>
    <title xml:lang="zh-TW">交流</title>
    <title xml:lang="tr">İletişim</title>
    <description xml:lang="ko">회원들간의 쪽지, 친구기능을 담당합니다.</description>
    <description xml:lang="jp">会員間にメッセージや友達管理などコミュニティ機能を提供します。</description>
    <description xml:lang="zh-CN">管理在线会员间短信息及好友功能的模块。</description>
    <description xml:lang="en">This is for managing messages, friend functions.</description>
    <description xml:lang="vi">Module quản lý tin nhắn và bạn bè.</description>
    <description xml:lang="ru">This module is for managing message, friend functions.</description>
    <description xml:lang="zh-TW">管理線上會員間短訊及好友功能的模組。</description>
    <description xml:lang="tr">Bu modül mesaj ve arkadaşlık özelliklerini yönetmek içindir.</description>
    <version>1.7</version>
    <date>2013-11-27</date>
    <category>member</category>

    <author email_address="developers@xpressengine.com" link="https://www.xehub.io">
        <name xml:lang="ko">XEHub</name>
        <name xml:lang="vi">XEHub</name>
        <name xml:lang="jp">XEHub</name>
        <name xml:lang="zh-CN">XEHub</name>
        <name xml:lang="en">XEHub</name>
        <name xml:lang="zh-TW">XEHub</name>
		<name xml:lang="ru">XEHub</name>
		<name xml:lang="tr">XEHub</name>
    </author>
</module>
