<?xml version="1.0" encoding="utf-8"?>
<ruleset version="1.5.0">
<customrules>
</customrules>
<fields>
<field name="email_address" required="true" rule="email"/>
<field name="user_id" required="true" rule="userid" length="3:20" />
<field name="password"><if test="$act == 'procMemberInsert'" attr="required" value="true" /><if test="$act == 'procMemberInsert'" attr="length" value="4:60" /></field>
<field name="password2"><if test="$act == 'procMemberInsert'" attr="required" value="true" /><if test="$act == 'procMemberInsert'" attr="equalto" value="password" /></field>
<field name="user_name" required="true" />
<field name="nick_name" required="true" length="2:20" />
<field name="find_account_question"><if test="$modify_find_account_answer" attr="required" value="true" /></field>
<field name="find_account_answer" length=":250"><if test="$modify_find_account_answer" attr="required" value="true" /></field>
</fields>
</ruleset>