{"filePath":".\/files\/attach\/images\/131\/133\/14e6186c6856ca82eec7466bc14b5680.mp3","filename":"hemosoo.mp3","offsetInfo":null,"tags":{"artist":null,"title":"VGhlIFRhbGUgb2YgUGV0ZXIgUmFiYml0IDFzdCBzZW50ZW5jZQ==","album":null,"albumartist":"Vm9pY2UgUmVjb3JkZXI=","year":"MjAyMQ=="},"stream":{"isAudio":true,"isVideo":false,"filesize":250398,"fileformat":"mp4","duration":10.1973125000000006679101716144941747188568115234375,"bitrate":196385.86147085321135818958282470703125,"video":null,"audio":[{"dataformat":"bXA0","codec":"SVNPL0lFQyAxNDQ5Ni0zIEFBQw==","sample_rate":"NDgwMDA=","channels":"MQ==","bits_per_sample":"MTY=","lossless":false,"channelmode":"bW9ubw==","bitrate":"MTk2Mzg1Ljg2MTQ3MDg1","compression_ratio":"MC4yNTU3MTA3NTcxMjM1MQ=="}],"mime":"audio\/mp4","startoffset":72,"endoffset":250398,"encoding":"UTF-8"},"isValidFile":true,"version":"0.0.1"}