<query id="getDocumentDeclaredLogInfo" action="select">
    <tables>
        <table name="document_declared_log" />
    </tables>
    <columns>
        <column name="count(*)" alias="count" />
    </columns>
    <conditions>
        <condition operation="equal" column="document_srl" var="document_srl" filter="number" notnull="notnull" />
        <group pipe="and">
            <condition operation="equal" column="member_srl" var="member_srl" filter="number" pipe="and" />
            <condition operation="equal" column="ipaddress" var="ipaddress" pipe="and" />
        </group>
    </conditions>
</query>
