<query id="insertDocumentVotedLog" action="insert">
    <tables>
        <table name="document_voted_log" />
    </tables>
    <columns>
        <column name="document_srl" var="document_srl" filter="number" default="0" notnull="notnull" />
        <column name="member_srl" var="member_srl" filter="number" default="0" />
        <column name="ipaddress" var="ipaddress" default="ipaddress()" />
        <column name="regdate" var="regdate" default="curdate()" />
	    <column name="point" var="point" filter="number" default="0" />
    </columns>
</query>
