{"filePath":".\/files\/attach\/binaries\/131\/133\/9e51f068fc9422ea04ae6444d09f8232","filename":"Hemosoo.m4a","offsetInfo":null,"tags":{"artist":null,"title":"SGVtb3Nvbw==","album":null,"encoding_tool":"Y29tLmFwcGxlLlZvaWNlTWVtb3MgKGlQaG9uZSAobnVsbCkp"},"stream":{"isAudio":true,"isVideo":false,"filesize":87632,"fileformat":"mp4","duration":9.89435416666666611718028434552252292633056640625,"bitrate":70825.037005531354225240647792816162109375,"video":null,"audio":[{"dataformat":"bXA0","codec":"SVNPL0lFQyAxNDQ5Ni0zIEFBQw==","sample_rate":"NDgwMDA=","channels":"Mg==","bits_per_sample":"MTY=","lossless":false,"channelmode":"c3RlcmVv","bitrate":"NzA4MjUuMDM3MDA1NTMx","compression_ratio":"MC4wNDYxMTAwNTAxMzM4MDk="}],"mime":"audio\/mp4","startoffset":36,"endoffset":87632,"encoding":"UTF-8"},"isValidFile":true,"version":"0.0.1"}