<query id="getNextDocumentCountFromComment" action="select">
    <tables>
        <table name="documents" />
        <table name="files" />
        <table name="comments" />
    </tables>
    <columns>
        <column name="count(*)" alias="count" />
    </columns>
    <conditions>
        <condition operation="in" column="documents.module_srl" var="module_srl" filter="number" />
        <condition operation="equal" column="documents.status" var="status" default="PUBLIC" pipe="and" />
        <condition operation="equal" column="documents.category_srl" var="category_srl"  pipe="and" />
        <group pipe="and">
            <condition operation="equal" column="documents.document_srl" default="comments.document_srl" notnull="notnull" pipe="and" />
            <condition operation="below" column="documents.list_order" var="list_order" filter="number" pipe="and" />
            <condition operation="below" column="documents.update_order" var="update_order" filter="number" pipe="and" />
            <condition operation="like" column="comments.content" var="s_comment" notnull="notnull" pipe="and" />
            <condition operation="equal" column="files.upload_target_srl" var="documents.document_srl" filter="number" notnull="notnull" pipe="and" />
            <condition operation="in" column="substr(files.uploaded_filename, -4)" var="file_extension" notnull="notnull" pipe="and" />
            <condition operation="equal" column="files.isvalid" var="isvalid" default="Y" pipe="and" />
        </group>
    </conditions>
    <navigation>
        <index var="sort_index" default="documents.list_order" order="asc" />
        <list_count var="list_count" default="1" />
        <page_count var="page_count" default="10" />
        <page var="page" default="1" />
    </navigation>
    <groups>
        <group column="files.file_srl" />
    </groups>
</query>
