<query id="getRandomDocumentByOffsetFromExtraVars" action="select">
    <tables>
        <table name="documents" />
        <table name="files" />
        <table name="document_extra_vars" alias="extra_vars" />
    </tables>
    <columns>
        <column name="documents.module_srl" alias="module_srl" />
        <column name="documents.document_srl" alias="document_srl" />
        <column name="documents.category_srl" alias="category_srl" />
        <column name="documents.title" alias="title" />
        <column name="documents.regdate" alias="regdate" />
        <column name="files.file_srl" alias="file_srl" />
        <column name="files.sid" alias="sid" />
        <column name="files.download_count" alias="download_count" />
        <column name="files.direct_download" alias="direct_download" />
        <column name="files.source_filename" alias="source_filename" />
        <column name="files.uploaded_filename" alias="uploaded_filename" />
        <column name="files.file_size" alias="file_size" />
        <column name="files.isvalid" alias="file_is_valid" />
    </columns>
    <conditions>
        <condition operation="in" column="documents.module_srl" var="module_srl" filter="number" />
        <condition operation="equal" column="documents.status" var="status" default="PUBLIC" pipe="and" />
        <condition operation="equal" column="documents.category_srl" var="category_srl"  pipe="and" />
        <group pipe="and">
            <condition operation="excess" column="documents.list_order" var="list_order" filter="number" pipe="or" />
            <condition operation="excess" column="documents.update_order" var="update_order" filter="number" pipe="or" />
            <condition operation="below" column="documents.list_order" var="list_order" filter="number" pipe="or" />
            <condition operation="below" column="documents.update_order" var="update_order" filter="number" pipe="or" />
        </group>
        <group pipe="and">
            <condition operation="equal" column="extra_vars.module_srl" default="documents.module_srl" pipe="and" />
            <condition operation="equal" column="extra_vars.document_srl" default="documents.document_srl" pipe="and" />
            <condition operation="equal" column="extra_vars.var_idx" var="var_idx" notnull="notnull" pipe="and" />
            <condition operation="like" column="extra_vars.value" var="var_value" notnull="notnull" pipe="and" />
        </group>
        <group pipe="and">
            <condition operation="equal" column="files.upload_target_srl" var="documents.document_srl" filter="number" notnull="notnull" pipe="and" />
            <condition operation="in" column="substr(files.uploaded_filename, -4)" var="file_extension" notnull="notnull" pipe="and" />
            <condition operation="equal" column="files.isvalid" var="isvalid" default="Y" pipe="and" />
        </group>
    </conditions>
    <navigation>
        <index var="sort_index" default="documents.list_order" order="desc" />
        <index var="sort_index_file" default="files.regdate" order="asc" />
        <list_count var="list_count" default="1" />
        <page_count var="page_count" default="10" />
        <page var="page" default="1" />
    </navigation>
</query>
