<?xml version="1.0" encoding="UTF-8"?>
<module version="0.2">
    <title xml:lang="ko">첨부파일</title>
    <title xml:lang="zh-CN">附件管理</title>
    <title xml:lang="en">Attachment</title>
    <title xml:lang="vi">Đính kèm</title>
    <title xml:lang="es">Adjuntar archivos</title>
    <title xml:lang="jp">添付ファイル</title>
    <title xml:lang="ru">Вложения</title>
    <title xml:lang="zh-TW">附加檔案</title>
    <title xml:lang="tr">Ekler</title>
    <description xml:lang="ko">첨부 파일을 관리합니다.</description>
    <description xml:lang="zh-CN">管理附件的模块。</description>
    <description xml:lang="en">Managing attachments.</description>
    <description xml:lang="vi">Module quản lý File đính kèm.</description>
    <description xml:lang="es">Módulo para manejar los archivos adjuntos.</description>
    <description xml:lang="jp">添付ファイルを管理するモジュールです。</description>
    <description xml:lang="ru">Модуль для управления вложениями.</description>
    <description xml:lang="zh-TW">管理附加檔案的模組。</description>
    <description xml:lang="tr">Ekleri yönetmek için kullanılan modüldür.</description>
    <version>1.7</version>
    <date>2013-11-27</date>
    <category>content</category>

    <author email_address="developers@xpressengine.com" link="https://www.xehub.io">
        <name xml:lang="ko">XEHub</name>
        <name xml:lang="vi">XEHub</name>
        <name xml:lang="zh-CN">XEHub</name>
        <name xml:lang="en">XEHub</name>
        <name xml:lang="es">XEHub</name>
        <name xml:lang="jp">XEHub</name>
        <name xml:lang="ru">XEHub</name>
        <name xml:lang="zh-TW">XEHub</name>
        <name xml:lang="tr">XEHub</name>
    </author>
</module>
