<?xml version="1.0" encoding="UTF-8"?>
<module version="0.2">
    <title xml:lang="ko">꼬리표</title>
    <title xml:lang="zh-CN">标签</title>
    <title xml:lang="jp">タグ</title>
    <title xml:lang="en">Tag</title>
    <title xml:lang="vi">Tag</title>
    <title xml:lang="es">Etiqueta</title>
    <title xml:lang="ru">Теги</title>
    <title xml:lang="zh-TW">標籤</title>
    <title xml:lang="tr">Etiket</title>
    <description xml:lang="ko">꼬리표 관리</description>
    <description xml:lang="zh-CN">标签管理模块。</description>
    <description xml:lang="jp">タグ管理用のモジュールです。</description>
    <description xml:lang="en">Module for managing tags.</description>
    <description xml:lang="vi">Module quản lý Tag.</description>
    <description xml:lang="es">Módulo para manejar etiquetas.</description>
    <description xml:lang="ru">Модуль для управления тегами.</description>
    <description xml:lang="zh-TW">標籤管理模組。</description>
    <description xml:lang="tr">Etiketleri yönetme modülü.</description>
    <version>1.7</version>
    <date>2013-11-27</date>
    <category>content</category>

    <author email_address="developers@xpressengine.com" link="https://www.xehub.io">
        <name xml:lang="ko">XEHub</name>
        <name xml:lang="vi">XEHub</name>
        <name xml:lang="zh-CN">XEHub</name>
        <name xml:lang="jp">XEHub</name>
        <name xml:lang="en">XEHub</name>
        <name xml:lang="es">XEHub</name>
        <name xml:lang="ru">XEHub</name>
        <name xml:lang="zh-TW">XEHub</name>
        <name xml:lang="tr">XEHub</name>
    </author>
</module>
