<?xml version="1.0" encoding="UTF-8"?>
<skin version="0.2">
    <title xml:lang="ko">기본 스킨</title>
    <title xml:lang="zh-CN">默认皮肤</title>
    <title xml:lang="jp">基本スキン</title>
    <title xml:lang="en">Default Skin</title>
    <title xml:lang="vi">Skin Mặc định</title>
    <title xml:lang="es">Por defecto piel</title>
    <title xml:lang="ru">기본 스킨</title>
    <title xml:lang="zh-TW">預設面板</title>
    <title xml:lang="tr">Varsayılan Dış Görünüm</title>
    <description xml:lang="ko">
        XEHub (developers@xpressengine.com)
    </description>
    <description xml:lang="zh-CN">
        XEHub (developers@xpressengine.com)
    </description>
    <description xml:lang="jp">
        XEHub (developers@xpressengine.com)
    </description>
    <description xml:lang="en">
        XEHub (developers@xpressengine.com)
    </description>
    <description xml:lang="vi">
        XEHub (developers@xpressengine.com)
    </description>
    <description xml:lang="es">
        XEHub (developers@xpressengine.com)
    </description>
    <description xml:lang="ru">
        XEHub (developers@xpressengine.com)
    </description>
    <description xml:lang="zh-TW">
        XEHub (developers@xpressengine.com)
    </description>
    <description xml:lang="tr">
        XEHub (developers@xpressengine.com)
    </description>
    <version>1.7</version>
    <date>2013-11-27</date>

    <author email_address="developers@xpressengine.com" link="https://www.xehub.io">
        <name xml:lang="ko">XEHub</name>
        <name xml:lang="jp">XEHub</name>
        <name xml:lang="zh-CN">XEHub</name>
        <name xml:lang="en">XEHub</name>
        <name xml:lang="vi">XEHub</name>
        <name xml:lang="es">XEHub</name>
        <name xml:lang="ru">XEHub</name>
        <name xml:lang="zh-TW">XEHub</name>
        <name xml:lang="tr">XEHub</name>
    </author>
</skin>
