<?xml version="1.0" encoding="UTF-8"?>
<skin version="0.2">
    <title xml:lang="ko">XE 커뮤니케이션 모바일 기본 스킨</title>
    <description xml:lang="ko">
        XE 커뮤니케이션 모바일 기본 스킨입니다.
        XEHub (developers@xpressengine.com) 
    </description>
    <version>1.7</version>
    <date>2013-11-27</date>
    <author email_address="developers@xpressengine.com" link="https://www.xehub.io">
        <name xml:lang="ko">XEHub</name>
        <name xml:lang="en">XEHub</name>
        <name xml:lang="zh-TW">XEHub</name>
        <name xml:lang="tr">XEHub</name>
    </author>
</skin>
