<?xml version="1.0" encoding="UTF-8"?>
<module version="0.2">
    <title xml:lang="ko">설치관리</title>
    <title xml:lang="en">Manage installation</title>
    <title xml:lang="vi">Quản lý cài đặt</title>
    <title xml:lang="zh-CN">安装管理</title>
    <title xml:lang="jp">インストール管理</title>
    <title xml:lang="es">Manajo de la Instalación</title>
    <title xml:lang="ru">Управление установкой</title>
    <title xml:lang="zh-TW">安裝管理</title>
    <title xml:lang="tr">Kurulumu yönet</title>
    <description xml:lang="ko">설치 관리 모듈</description>
    <description xml:lang="en">Module for managing installations</description>
    <description xml:lang="vi">Module quản lý cài đặt</description>
    <description xml:lang="zh-CN">安装管理模块。</description>
    <description xml:lang="jp">インストール管理モジュール</description>
    <description xml:lang="es">Módulo para el manejo de la instalación</description>
    <description xml:lang="ru">Модуль для управления установкой</description>
    <description xml:lang="zh-TW">安裝管理模組</description>
    <description xml:lang="tr">Kurulumu yönetmek için olan modüldür</description>
    <version>1.7</version>
    <date>2013-11-27</date>
    <category>system</category>

    <author email_address="developers@xpressengine.com" link="https://www.xehub.io">
        <name xml:lang="ko">XEHub</name>
        <name xml:lang="vi">XEHub</name>
        <name xml:lang="en">XEHub</name>
        <name xml:lang="zh-CN">XEHub</name>
        <name xml:lang="jp">XEHub</name>
        <name xml:lang="es">XEHub</name>
        <name xml:lang="ru">XEHub</name>
        <name xml:lang="zh-TW">XEHub</name>
        <name xml:lang="tr">XEHub</name>
    </author>
</module>
