<query id="getSiteAdmin" action="select">
    <tables>
        <table name="site_admin" />
        <table name="member" />
    </tables>
    <columns>
        <column name="site_admin.site_srl" />
        <column name="member.*" />
    </columns>
    <conditions>
        <condition operation="equal" column="site_admin.site_srl" var="site_srl" notnull="notnull" />
        <condition operation="equal" column="member.member_srl" default="site_admin.member_srl" notnull="notnull" pipe="and" />
    </conditions>
</query>
