<?xml version="1.0" encoding="UTF-8"?>
<module version="0.2">
    <title xml:lang="ko">위젯</title>
    <title xml:lang="zh-CN">控件管理</title>
    <title xml:lang="jp">ウィジェット</title>
    <title xml:lang="en">Widget</title>
    <title xml:lang="vi">Widget</title>
    <title xml:lang="es">Widget</title>
    <title xml:lang="ru">Виджеты</title>
    <title xml:lang="zh-TW">Widget</title>
    <title xml:lang="tr">Görsel Bileşen (widget)</title>
    <description xml:lang="ko">위젯 관리</description>
    <description xml:lang="zh-CN">控件管理模块。</description>
    <description xml:lang="jp">ウィジェット管理モジュール</description>
    <description xml:lang="en">Module for managing widgets.</description>
    <description xml:lang="vi">Module dành cho quản lý Widget.</description>
    <description xml:lang="es">Módulo para el manejo de widgets.</description>
    <description xml:lang="ru">Модуль для управления виджетами.</description>
    <description xml:lang="zh-TW">Widget 管理模組。</description>
    <description xml:lang="tr">Widgetları yönetmek için kullanılan modüldür.</description>
    <version>1.7</version>
    <date>2013-11-27</date>
    <category>construction</category>

    <author email_address="developers@xpressengine.com" link="https://www.xehub.io">
        <name xml:lang="ko">XEHub</name>
        <name xml:lang="vi">XEHub</name>
        <name xml:lang="zh-CN">XEHub</name>
        <name xml:lang="jp">XEHub</name>
        <name xml:lang="en">XEHub</name>
        <name xml:lang="es">XEHub</name>
        <name xml:lang="ru">XEHub</name>
        <name xml:lang="zh-TW">XEHub</name>
        <name xml:lang="tr">XEHub</name>
    </author>
</module>
