{"filePath":".\/files\/attach\/binaries\/131\/133\/b7f3279c4a9e0f9640f96f3b1f4a769d","filename":"sam.m4a","offsetInfo":null,"tags":{"artist":null,"title":"U2Ft","album":null,"encoding_tool":"Y29tLmFwcGxlLlZvaWNlTWVtb3MgKGlQaG9uZSAobnVsbCkp"},"stream":{"isAudio":true,"isVideo":false,"filesize":210569,"fileformat":"mp4","duration":24.3968333333333333712289459072053432464599609375,"bitrate":69036.1727273348369635641574859619140625,"video":null,"audio":[{"dataformat":"bXA0","codec":"SVNPL0lFQyAxNDQ5Ni0zIEFBQw==","sample_rate":"NDgwMDA=","channels":"Mg==","bits_per_sample":"MTY=","lossless":false,"channelmode":"c3RlcmVv","bitrate":"NjkwMzYuMTcyNzI3MzM1","compression_ratio":"MC4wNDQ5NDU0MjQ5NTI2OTI="}],"mime":"audio\/mp4","startoffset":36,"endoffset":210569,"encoding":"UTF-8"},"isValidFile":true,"version":"0.0.1"}