<query id="updateFile" action="update">
    <tables>
        <table name="files" />
    </tables>
    <columns>
        <column name="upload_target_srl" var="upload_target_srl" filter="number" notnull="notnull" />
        <column name="upload_target_type" var="upload_target_type" />
        <column name="module_srl" var="module_srl" filter="number" notnull="notnull" />
        <column name="uploaded_filename" var="uploaded_filename" notnull="notnull" minlength="1" maxlength="250" />
        <column name="cover_image" var="is_cover" default="N" />
    </columns>
    <conditions>
        <condition operation="equal" column="file_srl" var="file_srl" filter="number" notnull="notnull" />
    </conditions>
</query>
